{"detroit": {"flow": {"1": {"mean": 6088.121433, "std": 1080.860140420563}, "2": {"mean": 6158.913543, "std": 1083.3136632411808}, "3": {"mean": 6297.666077, "std": 956.061206322511}, "4": {"mean": 6283.507656, "std": 832.4274098190323}, "5": {"mean": 6164.576911, "std": 755.5783169041571}, "6": {"mean": 6164.576911, "std": 723.5110972525239}, "7": {"mean": 6266.517549, "std": 722.9972755759903}, "8": {"mean": 6269.349234, "std": 731.9246504377445}, "9": {"mean": 6342.973028, "std": 734.2741569860824}, "10": {"mean": 6365.626503, "std": 748.2030198379504}, "11": {"mean": 6592.161254, "std": 780.9249180711536}, "12": {"mean": 6351.468081, "std": 775.9600215760458}}}, "niagara": {"flow": {"1": {"mean": 6320.0, "std": 674.0495954622754}, "2": {"mean": 6540.0, "std": 723.9494852148574}, "3": {"mean": 6510.0, "std": 681.6712655567303}, "4": {"mean": 6880.0, "std": 698.9604525906414}, "5": {"mean": 7320.0, "std": 724.9870277985603}, "6": {"mean": 7200.0, "std": 749.4086557635516}, "7": {"mean": 7170.0, "std": 723.4708010694004}, "8": {"mean": 6940.0, "std": 678.9592876496456}, "9": {"mean": 6580.0, "std": 623.8341507316248}, "10": {"mean": 6610.0, "std": 612.7144911123349}, "11": {"mean": 6820.0, "std": 662.9968038420411}, "12": {"mean": 6800.0, "std": 639.8083790516985}}}, "stClair": {"flow": {"1": {"mean": 5552.933084, "std": 957.8766012555898}, "2": {"mean": 5649.210353, "std": 915.7435116851951}, "3": {"mean": 5889.903526, "std": 846.7274177260725}, "4": {"mean": 5898.398579, "std": 716.429781748069}, "5": {"mean": 5977.685742, "std": 682.7232932478908}, "6": {"mean": 6037.151114, "std": 649.8746119743219}, "7": {"mean": 6221.210599, "std": 678.8528058409914}, "8": {"mean": 6283.507656, "std": 664.8708263121637}, "9": {"mean": 6286.33934, "std": 664.7369916597002}, "10": {"mean": 6130.596699, "std": 698.2443687706725}, "11": {"mean": 6232.537337, "std": 714.1777547562968}, "12": {"mean": 6054.14122, "std": 728.7012659480981}}}, "stMarys": {"flow": {"1": {"mean": 2256.002951, "std": 381.59060825918516}, "2": {"mean": 2431.001047, "std": 412.3239978341997}, "3": {"mean": 2436.664415, "std": 469.8341785508001}, "4": {"mean": 2267.329689, "std": 371.23074801979095}, "5": {"mean": 1998.036504, "std": 402.0796002012912}, "6": {"mean": 2399.56935, "std": 423.5617598273353}, "7": {"mean": 3157.328092, "std": 530.9726604694805}, "8": {"mean": 3191.308305, "std": 563.8685128410452}, "9": {"mean": 2681.605115, "std": 470.4415337338234}, "10": {"mean": 2961.941869, "std": 582.5258660588706}, "11": {"mean": 2930.793341, "std": 546.9214753957918}, "12": {"mean": 2248.92374, "std": 399.12764065224997}}}, "stLawrence": {"flow": {"1": {"mean": 6229.705652, "std": 1469.7009876013983}, "2": {"mean": 6711.091998, "std": 1166.7401895664145}, "3": {"mean": 7447.329939, "std": 897.2707274961673}, "4": {"mean": 7787.132065, "std": 910.0482707660107}, "5": {"mean": 8580.003694, "std": 947.0934697387115}, "6": {"mean": 10222.38064, "std": 1322.4464947658785}, "7": {"mean": 10392.2817, "std": 1250.5312367260544}, "8": {"mean": 10392.2817, "std": 1156.7573302743701}, "9": {"mean": 9599.410073, "std": 978.9455391432222}, "10": {"mean": 8636.637381, "std": 773.7383572556687}, "11": {"mean": 8353.468943, "std": 888.0348738451249}, "12": {"mean": 8523.370006, "std": 884.654722593551}}}}