{"superior": {"NBS": {"1": {"mean": 369.5189447064248, "std": 557.0156913596444}, "2": {"mean": 1105.0130114980227, "std": 623.9257282047748}, "3": {"mean": 2724.5688240729123, "std": 997.6026952999131}, "4": {"mean": 5589.86298730565, "std": 2116.406186671161}, "5": {"mean": 5442.936626668816, "std": 696.5720828737376}, "6": {"mean": 4732.794182933736, "std": 673.0225616592923}, "7": {"mean": 3098.973701017382, "std": 947.1089478571938}, "8": {"mean": 3152.262905473956, "std": 1279.4554161618469}, "9": {"mean": 2137.2748800292266, "std": 1760.7653548578742}, "10": {"mean": 1324.906676810932, "std": 788.9337644635826}, "11": {"mean": 790.5522596372516, "std": 773.6227761948446}, "12": {"mean": 530.8015124127256, "std": 648.5963174823161}}}, "miHuron": {"NBS": {"1": {"mean": 3005.2473366765234, "std": 1026.9520922611728}, "2": {"mean": 3975.745540940864, "std": 1607.0273180172514}, "3": {"mean": 7412.165645937575, "std": 1973.5299310092928}, "4": {"mean": 9319.045540969135, "std": 2987.7893971599938}, "5": {"mean": 7154.475920307496, "std": 1867.575802737488}, "6": {"mean": 5158.758253265432, "std": 1964.5935261354066}, "7": {"mean": 2081.8929575413686, "std": 1088.506677394616}, "8": {"mean": 1319.510189609767, "std": 1734.954084778928}, "9": {"mean": 815.0287608132717, "std": 2360.8034411619637}, "10": {"mean": 1773.5160814112903, "std": 1343.3616630913575}, "11": {"mean": 1668.2739527592594, "std": 1456.9227708113137}, "12": {"mean": 2572.871634166368, "std": 1363.26090671544}}}, "erie": {"NBS": {"1": {"mean": 857.9537390365888, "std": 680.6648770579955}, "2": {"mean": 1493.523808636175, "std": 666.9905267469079}, "3": {"mean": 1517.0892257989847, "std": 488.99361408972095}, "4": {"mean": 1340.2338594629632, "std": 801.7892384829031}, "5": {"mean": 1264.4774401433692, "std": 671.0871787145313}, "6": {"mean": 721.8095444429013, "std": 849.4529547456547}, "7": {"mean": -153.30058506720422, "std": 223.94482082969637}, "8": {"mean": -278.0918824269713, "std": 234.54025279617508}, "9": {"mean": -699.9759561959879, "std": 271.8190137436134}, "10": {"mean": -325.8795413125746, "std": 527.0170913584936}, "11": {"mean": -19.633514615740523, "std": 395.6169435397227}, "12": {"mean": 613.2071577104241, "std": 585.4161746030973}}}, "clair": {"NBS": {"1": {"mean": 401.42405813500613, "std": 193.08563972416468}, "2": {"mean": 469.45135397425184, "std": 244.2299816990299}, "3": {"mean": 533.8079126136497, "std": 236.8657388667708}, "4": {"mean": 447.5049888055555, "std": 192.35113738845678}, "5": {"mean": 142.481465986559, "std": 161.178682239811}, "6": {"mean": 216.11718602469114, "std": 115.51157172170471}, "7": {"mean": 116.60694024790905, "std": 85.17943351726139}, "8": {"mean": -23.185394257616508, "std": 86.74155667708257}, "9": {"mean": 12.1765591805555, "std": 82.22014222455256}, "10": {"mean": 144.63606923133216, "std": 64.14838263012992}, "11": {"mean": 194.00271116975296, "std": 118.54835362669468}, "12": {"mean": 237.06458818369163, "std": 116.40915858762045}}}, "ontario": {"NBS": {"1": {"mean": 1122.3748967320557, "std": 659.5896005911708}, "2": {"mean": 1035.790236658709, "std": 546.0183802266923}, "3": {"mean": 2744.1583429118878, "std": 607.0453455646251}, "4": {"mean": 2768.2700286589507, "std": 1491.2090575201194}, "5": {"mean": 1219.212442946386, "std": 907.8770591542807}, "6": {"mean": 1003.6072811759256, "std": 632.938114624126}, "7": {"mean": 633.8686766589122, "std": 513.4573266775976}, "8": {"mean": 511.682734035831, "std": 303.90979168400133}, "9": {"mean": 750.9469053888887, "std": 411.27828712836794}, "10": {"mean": 1215.1151186033453, "std": 496.2551211026799}, "11": {"mean": 974.4034413148148, "std": 335.66366821966614}, "12": {"mean": 2106.7526140292707, "std": 402.78127781825987}}}}