{"detroit": {"flow": {"1": {"mean": 5472.7746331538465, "std": 1080.860140420563}, "2": {"mean": 5319.210210846154, "std": 1083.3136632411808}, "3": {"mean": 5970.9332634615375, "std": 956.061206322511}, "4": {"mean": 6038.458045153846, "std": 832.4274098190323}, "5": {"mean": 5904.279769384616, "std": 755.5783169041571}, "6": {"mean": 5979.428316692308, "std": 723.5110972525239}, "7": {"mean": 5927.586710153846, "std": 722.9972755759903}, "8": {"mean": 5838.715384923077, "std": 731.9246504377445}, "9": {"mean": 5926.061957153846, "std": 734.2741569860824}, "10": {"mean": 6026.042198307692, "std": 748.2030198379504}, "11": {"mean": 6019.507541923076, "std": 780.9249180711536}, "12": {"mean": 5948.715432307693, "std": 775.9600215760458}}}, "niagara": {"flow": {"1": {"mean": 5851.428571428572, "std": 674.0495954622754}, "2": {"mean": 5788.571428571428, "std": 723.9494852148574}, "3": {"mean": 5894.285714285715, "std": 681.6712655567303}, "4": {"mean": 6115.714285714285, "std": 698.9604525906414}, "5": {"mean": 6318.0952380952385, "std": 724.9870277985603}, "6": {"mean": 6253.333333333333, "std": 749.4086557635516}, "7": {"mean": 6220.0, "std": 723.4708010694004}, "8": {"mean": 6084.285714285715, "std": 678.9592876496456}, "9": {"mean": 5857.619047619048, "std": 623.8341507316248}, "10": {"mean": 5839.047619047619, "std": 612.7144911123349}, "11": {"mean": 5876.190476190476, "std": 662.9968038420411}, "12": {"mean": 5963.809523809524, "std": 639.8083790516985}}}, "stClair": {"flow": {"1": {"mean": 5074.1606003846155, "std": 957.8766012555898}, "2": {"mean": 4948.041734076924, "std": 915.7435116851951}, "3": {"mean": 5501.3092990000005, "std": 846.7274177260725}, "4": {"mean": 5704.537109384615, "std": 716.429781748069}, "5": {"mean": 5758.556934538462, "std": 682.7232932478908}, "6": {"mean": 5767.923275153846, "std": 649.8746119743219}, "7": {"mean": 5761.824262615384, "std": 678.8528058409914}, "8": {"mean": 5817.804484769232, "std": 664.8708263121637}, "9": {"mean": 5830.655975615384, "std": 664.7369916597002}, "10": {"mean": 5824.121319153845, "std": 698.2443687706725}, "11": {"mean": 5804.517350384615, "std": 714.1777547562968}, "12": {"mean": 5694.735124923076, "std": 728.7012659480981}}}, "stMarys": {"flow": {"1": {"mean": 2017.7493834615384, "std": 381.59060825918516}, "2": {"mean": 1986.1216472307692, "std": 412.3239978341997}, "3": {"mean": 1980.8721398461541, "std": 469.8341785508001}, "4": {"mean": 1935.6741006923075, "std": 371.23074801979095}, "5": {"mean": 2040.0761256923079, "std": 402.0796002012912}, "6": {"mean": 2235.897992384616, "std": 423.5617598273353}, "7": {"mean": 2468.6188844615385, "std": 530.9726604694805}, "8": {"mean": 2502.294146538461, "std": 563.8685128410452}, "9": {"mean": 2339.886155923077, "std": 470.4415337338234}, "10": {"mean": 2293.032670230769, "std": 582.5258660588706}, "11": {"mean": 2222.3930358461535, "std": 546.9214753957918}, "12": {"mean": 2057.349400538462, "std": 399.12764065224997}}}, "stLawrence": {"flow": {"1": {"mean": 7256.834806727272, "std": 1469.7009876013983}, "2": {"mean": 7251.686290181818, "std": 1166.7401895664145}, "3": {"mean": 7890.102406636363, "std": 897.2707274961673}, "4": {"mean": 7635.250811727272, "std": 910.0482707660107}, "5": {"mean": 7655.844880000001, "std": 947.0934697387115}, "6": {"mean": 8193.864913545454, "std": 1322.4464947658785}, "7": {"mean": 8440.993732545454, "std": 1250.5312367260544}, "8": {"mean": 8471.884835545454, "std": 1156.7573302743701}, "9": {"mean": 8235.053049999999, "std": 978.9455391432222}, "10": {"mean": 7779.409289636364, "std": 773.7383572556687}, "11": {"mean": 7558.023055636364, "std": 888.0348738451249}, "12": {"mean": 7637.825070181819, "std": 884.654722593551}}}, "superior": {"water_level": {"1": {"mean": 183.2682608695652, "std": 0.23938656782233345}, "2": {"mean": 183.20521739130433, "std": 0.2406406140665799}, "3": {"mean": 183.1708695652174, "std": 0.23836398910981946}, "4": {"mean": 183.2091304347826, "std": 0.22693437264144622}, "5": {"mean": 183.30956521739125, "std": 0.22237311521751155}, "6": {"mean": 183.39782608695654, "std": 0.2214817152670359}, "7": {"mean": 183.45782608695654, "std": 0.21645819503458055}, "8": {"mean": 183.4713043478261, "std": 0.21843044134806616}, "9": {"mean": 183.46434782608694, "std": 0.23274695754200367}, "10": {"mean": 183.44782608695652, "std": 0.23742858297983066}, "11": {"mean": 183.40695652173912, "std": 0.23766735314508128}, "12": {"mean": 183.34782608695653, "std": 0.23914538221339612}}}, "miHuron": {"water_level": {"1": {"mean": 176.1960869565217, "std": 0.45882001948114626}, "2": {"mean": 176.18130434782609, "std": 0.4533742618895285}, "3": {"mean": 176.19652173913045, "std": 0.4447124576178117}, "4": {"mean": 176.27739130434784, "std": 0.4414667432270467}, "5": {"mean": 176.3804347826087, "std": 0.43799624594561265}, "6": {"mean": 176.45782608695654, "std": 0.43034823659808696}, "7": {"mean": 176.48956521739132, "std": 0.4387324537892138}, "8": {"mean": 176.47043478260872, "std": 0.43991195669618427}, "9": {"mean": 176.41260869565218, "std": 0.44527026921659985}, "10": {"mean": 176.34434782608693, "std": 0.4544109682470712}, "11": {"mean": 176.29260869565218, "std": 0.4586166689206324}, "12": {"mean": 176.2478260869565, "std": 0.4608584531436857}}}, "erie": {"water_level": {"1": {"mean": 174.14652173913046, "std": 0.3114717073923867}, "2": {"mean": 174.1447826086957, "std": 0.31501615492798796}, "3": {"mean": 174.22999999999996, "std": 0.310820029774611}, "4": {"mean": 174.35130434782607, "std": 0.2979063969502413}, "5": {"mean": 174.43478260869566, "std": 0.30650329325262515}, "6": {"mean": 174.47652173913042, "std": 0.2959208846304599}, "7": {"mean": 174.4617391304348, "std": 0.30197308991957106}, "8": {"mean": 174.3869565217391, "std": 0.28936348300441195}, "9": {"mean": 174.28782608695647, "std": 0.2867047344273947}, "10": {"mean": 174.1934782608696, "std": 0.2860484494190107}, "11": {"mean": 174.1286956521739, "std": 0.2968364157368687}, "12": {"mean": 174.12652173913045, "std": 0.29507485484275675}}}, "clair": {"water_level": {"1": {"mean": 174.94565217391303, "std": 0.35671259231738345}, "2": {"mean": 174.9086956521739, "std": 0.3582064456532132}, "3": {"mean": 175.01304347826084, "std": 0.35382885928098046}, "4": {"mean": 175.12391304347827, "std": 0.34484171771506794}, "5": {"mean": 175.20652173913044, "std": 0.3501117833914831}, "6": {"mean": 175.27173913043475, "std": 0.34418087440806594}, "7": {"mean": 175.29695652173913, "std": 0.35307010355411783}, "8": {"mean": 175.25130434782608, "std": 0.34965313133584836}, "9": {"mean": 175.1786956521739, "std": 0.35263043167581776}, "10": {"mean": 175.0695652173913, "std": 0.354509626242811}, "11": {"mean": 174.98652173913044, "std": 0.35742270233197604}, "12": {"mean": 174.98391304347825, "std": 0.33955504481379445}}}, "ontario": {"water_level": {"1": {"mean": 74.66086956521737, "std": 0.1841173796418092}, "2": {"mean": 74.72086956521738, "std": 0.2171700850711301}, "3": {"mean": 74.76434782608696, "std": 0.21958278801061507}, "4": {"mean": 74.94434782608695, "std": 0.20954118898541807}, "5": {"mean": 75.10913043478261, "std": 0.2711576703938851}, "6": {"mean": 75.15391304347825, "std": 0.27295918993063656}, "7": {"mean": 75.10173913043478, "std": 0.238282723096916}, "8": {"mean": 74.9669565217391, "std": 0.20188733992926808}, "9": {"mean": 74.77608695652172, "std": 0.16444781240245288}, "10": {"mean": 74.62521739130435, "std": 0.14877895639374825}, "11": {"mean": 74.56434782608694, "std": 0.18237887853577964}, "12": {"mean": 74.56956521739131, "std": 0.1798857784279594}}}}